{"loss": [1.013636589050293, 0.3516862094402313, 0.21041463315486908, 0.1204891949892044, 0.07704102247953415, 0.0555310882627964, 0.04294963926076889, 0.03444768115878105, 0.028160175308585167, 0.02329271286725998], "acc": [0.8686442971229553, 0.9233508706092834, 0.9531975984573364, 0.9740363955497742, 0.9828518033027649, 0.9870802164077759, 0.9896760582923889, 0.991585910320282, 0.9931420087814331, 0.9943752288818359], "val_loss": [0.44202232360839844, 0.28791341185569763, 0.19758473336696625, 0.15881700813770294, 0.14290110766887665, 0.13606230914592743, 0.13222865760326385, 0.13099287450313568, 0.13080058991909027, 0.13178570568561554], "val_acc": [0.9104992151260376, 0.9362812042236328, 0.9563525319099426, 0.9634895324707031, 0.9662659168243408, 0.9675445556640625, 0.9687111377716064, 0.9691237807273865, 0.9694498181343079, 0.9695262312889099]}